CaseMasterID,CrimeNo,n_accused,n_victims,hour,report_delay_hours,anomaly_score_raw
21320,100120637202300004,4,3.0,0,0.8833333333333333,-0.0965779436273182
9699,100040317202400002,4,3.0,15,4.35,-0.09320563855129205
28315,100180816202400005,4,3.0,8,0.65,-0.08824934949523144
19326,100100581202400004,4,3.0,14,4.166666666666667,-0.08670792697973162
28256,100180831202400003,4,3.0,14,3.6166666666666667,-0.08643011953388868
36298,100271044202300011,4,0.0,9,5.0,-0.08393927718841787
3583,100010120202400006,4,3.0,5,4.45,-0.08319279589031703
11329,100040304202500006,4,3.0,7,3.75,-0.08278253080418263
12844,400050396202500001,4,3.0,1,0.3333333333333333,-0.0811787271486496
6111,100020210202300002,4,3.0,6,3.2,-0.08078908511940885
19372,100100569202400004,4,3.0,9,1.6,-0.07601114771511752
1458,100010118202300011,3,3.0,1,0.2833333333333333,-0.07581172871984698
30119,100200892202300008,4,0.0,2,4.3,-0.07396231463094882
22493,100130668202300002,4,2.0,3,0.11666666666666667,-0.0729118599521621
3752,100010047202400009,3,3.0,17,0.7333333333333333,-0.0723671712210735
19513,100100576202400011,4,0.0,21,0.18333333333333332,-0.0720087027114753
29606,100190846202500014,4,3.0,21,3.3666666666666667,-0.07190791769650584
3297,100010064202400011,4,2.0,19,0.2,-0.07180574164601161
19029,400100583202300001,4,3.0,19,4.216666666666667,-0.0694975078292891
38199,100301097202300009,4,3.0,14,4.35,-0.06897568957853273
3964,100010043202400012,4,0.0,18,3.7666666666666666,-0.06879351102328624
25096,100150725202400005,4,0.0,19,4.416666666666667,-0.06827702792191381
8826,100040350202300007,4,2.0,9,4.916666666666667,-0.06806204904043511
19358,100100574202400007,4,1.0,1,4.933333333333334,-0.06775475327660274
18784,100100565202300001,4,0.0,17,4.333333333333333,-0.06765396914626032
36461,100271053202400010,4,2.0,18,3.75,-0.06733451685573844
11118,300040356202500001,3,3.0,1,0.4666666666666667,-0.06705028186599049
34401,100240972202500012,3,3.0,11,4.183333333333334,-0.06645890272005162
14559,100060443202500004,1,3.0,17,4.866666666666666,-0.0662158074537651
24144,100140700202400015,4,1.0,15,4.933333333333334,-0.06585915783790597
27205,100170787202400008,1,3.0,2,0.1,-0.06502108727020395
10840,400040339202500001,4,2.0,23,4.05,-0.06487351539287434
5732,100010045202500012,4,0.0,6,4.3,-0.06478525026412285
14277,100060411202400006,4,0.0,9,4.116666666666666,-0.06418125622064252
37435,100291084202300010,3,3.0,8,3.8833333333333333,-0.06402835374404514
29589,100190843202500006,3,3.0,1,3.1166666666666667,-0.06261324727022632
17710,100090541202300004,4,0.0,16,3.75,-0.06224448403045646
11820,100050371202300003,3,3.0,6,4.283333333333333,-0.062028323516403416
9631,100040292202300011,4,1.0,0,0.38333333333333336,-0.06159505089399275
22631,100130655202300010,3,0.0,4,4.816666666666666,-0.06151415706859509
7414,100030247202400001,4,0.0,13,0.5833333333333334,-0.06123726598499535
9634,100040314202300017,2,3.0,13,0.13333333333333333,-0.06111814409383276
33032,100230960202400001,4,2.0,7,3.7333333333333334,-0.060774068994294494
13223,100050359202500009,3,0.0,1,0.08333333333333333,-0.06074125288892995
43,100010157202300002,1,3.0,4,0.11666666666666667,-0.06064188067713583
34095,100240985202400006,4,1.0,21,0.23333333333333334,-0.060578268128467117
11916,100050387202300005,4,2.0,18,2.8666666666666667,-0.060555628197736855
31145,100210914202300007,4,2.0,0,3.283333333333333,-0.060430358362073444
24252,100140693202400008,4,3.0,17,1.9166666666666667,-0.06029780543452845
36599,100271045202500002,1,3.0,15,4.783333333333333,-0.060172816381589
18782,100100572202300001,2,3.0,2,0.18333333333333332,-0.05991717708415356
6012,100010194202500012,4,0.0,14,4.183333333333334,-0.059445592643024736
5882,300010094202500001,4,0.0,2,2.8666666666666667,-0.059284613096558414
7506,100030230202400003,3,0.0,8,4.8,-0.05864710052527433
1150,100010124202300006,4,3.0,5,2.8,-0.05838825319737373
10454,800040303202400001,4,1.0,1,0.31666666666666665,-0.05807235006208744
8393,100030253202500010,4,0.0,20,3.65,-0.05800265343778688
6117,100020210202300004,4,0.0,11,0.9666666666666667,-0.05735053171482929
18351,800090540202400001,4,0.0,19,3.0166666666666666,-0.05730503349127036
8077,800030244202500001,3,0.0,1,4.483333333333333,-0.05693850418141766
3016,100010065202400003,2,3.0,4,0.13333333333333333,-0.056869284158793554
21447,100120644202300007,4,2.0,22,1.55,-0.05670572255563566
36244,300271046202300001,4,0.0,9,3.8666666666666667,-0.05664015218933971
30533,100200888202400008,3,0.0,7,4.8,-0.05648935612538086
3820,100010167202400012,1,3.0,23,2.0,-0.05648596700064834
25035,300150726202400001,3,3.0,4,3.8666666666666667,-0.05623422122380484
12868,100050381202500004,2,3.0,3,0.4166666666666667,-0.05611838134905167
32122,100220934202400003,3,0.0,20,4.233333333333333,-0.05599064284874544
26344,100160758202400016,4,1.0,22,3.683333333333333,-0.05583767131438089
2632,100010107202400003,4,2.0,5,4.116666666666666,-0.05534684161587722
38547,100301108202500003,4,2.0,5,3.1333333333333333,-0.05516670515038791
18887,100100572202300005,3,3.0,10,1.2666666666666666,-0.0549318575745239
35186,800261030202300001,4,0.0,23,3.65,-0.05492141843294063
21366,100120651202300005,2,3.0,6,0.35,-0.05460409378266273
19220,100100563202400001,1,3.0,18,3.966666666666667,-0.05359609136275867
24706,100150736202300006,1,3.0,22,0.21666666666666667,-0.05333191244881208
5925,100010123202500011,4,0.0,23,3.9,-0.05327853427031992
24442,100140702202500006,2,3.0,5,0.43333333333333335,-0.05304307393721153
5066,100010124202500004,3,3.0,18,1.7333333333333334,-0.053000962475543645
17160,100080510202400010,3,2.0,1,4.433333333333334,-0.052606035716131316
28839,100190852202300002,4,2.0,23,0.25,-0.0525555838601226
998,100010176202300006,4,0.0,2,3.1,-0.05244506912345448
16985,800080496202400001,3,0.0,10,4.516666666666667,-0.052382502454500046
30892,100200893202500011,3,0.0,21,0.35,-0.05233475809313348
2903,100010151202400006,3,3.0,23,4.216666666666667,-0.05214636610255474
8507,100030253202500011,1,3.0,16,4.416666666666667,-0.05182243957681332
18421,100090525202500001,3,3.0,5,1.6166666666666667,-0.051601912573124964
7671,100030255202400006,2,3.0,11,4.466666666666667,-0.051367157331740465
32282,100220939202400009,2,3.0,8,4.883333333333334,-0.05130961096986886
18909,100100573202300008,4,0.0,10,3.533333333333333,-0.05115895434469386
17827,100090546202300009,4,3.0,0,4.7,-0.0508243397180721
23778,100140709202300005,3,3.0,17,0.4,-0.050776157747358
30026,100200869202300013,3,3.0,20,4.733333333333333,-0.050757883173301654
25192,800150718202400001,4,0.0,8,4.433333333333334,-0.05052353915784713
19917,100100583202500003,1,3.0,1,0.95,-0.050454042041317315
6419,100020202202400005,4,2.0,11,4.933333333333334,-0.05032840723874188
18455,100090544202500002,4,1.0,11,4.483333333333333,-0.050217738989074556
11002,100040309202500004,4,2.0,2,1.4,-0.050083768750374236
23496,100130666202500009,2,3.0,21,0.8333333333333334,-0.049558849880090405
26084,100160762202400004,3,1.0,0,4.8,-0.04942895928115443
9639,400040317202300001,4,2.0,5,2.4833333333333334,-0.049394361072169324
16654,800080512202300003,4,2.0,2,4.716666666666667,-0.04914619437540868
4188,100010126202500001,4,0.0,13,3.3333333333333335,-0.0491448866329357
9442,100040287202300012,3,0.0,0,3.9833333333333334,-0.048903317753430375
28768,100180823202500013,4,0.0,5,2.683333333333333,-0.048761271618606106
1453,100010156202300007,3,0.0,15,4.916666666666667,-0.048705200321271236
16594,100080514202300009,4,1.0,23,5.0,-0.04855575127740552
37970,100291074202500012,3,2.0,22,1.2,-0.04846637050532998
11010,100040319202500002,3,2.0,22,1.2,-0.04846637050532998
18009,100090546202400001,3,0.0,23,1.0,-0.04831165460354225
39204,100311130202400006,1,3.0,4,1.2,-0.04778390669817845
4821,100010106202500006,4,0.0,13,2.716666666666667,-0.04757658298055445
28929,100190855202300004,2,3.0,6,1.0,-0.047524774930067015
26974,100170778202300008,4,0.0,5,0.5166666666666667,-0.04734498873993642
2087,100010175202400002,3,1.0,21,4.733333333333333,-0.04727951276094022
34013,100240986202400004,1,3.0,23,3.9166666666666665,-0.04716161841961475
27716,300170776202500001,2,0.0,20,4.916666666666667,-0.04715080168630237
32500,100220923202500006,4,1.0,19,3.75,-0.04689400545223099
21317,100120644202300001,4,1.0,0,3.1333333333333333,-0.046859425409531696
15085,100070455202300003,1,3.0,13,3.9833333333333334,-0.04667190507664787
13564,100060421202300006,3,3.0,22,3.95,-0.04660528977326739
21399,100120637202300006,4,1.0,0,1.6666666666666667,-0.046586484159842345
6598,100020217202500005,3,0.0,1,0.31666666666666665,-0.046533059665796905
8018,400030247202500001,4,1.0,21,2.783333333333333,-0.04648887879229113
3344,100010041202400007,3,3.0,20,1.25,-0.046441650168078996
6804,100030251202300001,1,3.0,0,4.916666666666667,-0.04628123719705868
29647,800190854202500002,4,1.0,3,3.6166666666666667,-0.046226527277539176
23118,100130662202400010,4,2.0,4,2.35,-0.04621092799103921
9049,800040290202300001,4,2.0,1,4.4,-0.04620219171259399
36211,100271053202300005,2,3.0,4,1.1166666666666667,-0.04618391024354873
22920,100130675202400005,4,1.0,11,4.85,-0.04610821847786095
21635,100120637202400002,1,3.0,7,1.1333333333333333,-0.046102222935622716
18021,100090549202400002,4,3.0,17,4.933333333333334,-0.04598770565271337
412,100010082202300004,3,0.0,11,0.43333333333333335,-0.04583651502750152
26998,800170779202300003,3,2.0,22,2.8,-0.045643405518471125
14326,100060427202400009,3,0.0,3,4.066666666666666,-0.04561208162745989
4835,100010099202500004,3,3.0,20,3.8833333333333333,-0.04552995925146652
16591,100080505202300008,4,1.0,0,4.95,-0.04550388733086419
18536,800090543202500001,4,0.0,23,2.716666666666667,-0.04540493127049661
3503,100010038202400007,4,0.0,7,4.266666666666667,-0.04532797336954897
21887,100120646202400006,1,0.0,2,0.18333333333333332,-0.045296370299195976
23626,100140689202300007,2,3.0,14,3.566666666666667,-0.04513928323915506
37922,100291072202500009,4,2.0,22,4.183333333333334,-0.04504486433723509
15518,100070471202400001,4,1.0,20,4.583333333333333,-0.04483671190605398
9133,100040279202300004,3,0.0,12,0.5666666666666667,-0.04477151728618756
26775,100170805202300005,3,0.0,10,4.016666666666667,-0.04475652498261473
31474,100210916202400007,2,3.0,3,1.3833333333333333,-0.04474550582283332
37275,100291091202300005,1,3.0,5,1.45,-0.044698273145483136
19110,100100574202300005,4,2.0,4,4.65,-0.04451542376723827
22045,800120648202500001,4,2.0,4,0.48333333333333334,-0.04450939393688924
36009,100261027202500010,4,1.0,12,4.3,-0.044464904026729535
4995,100010075202500004,3,1.0,23,0.6333333333333333,-0.044330261941546434
1426,100010146202300008,1,3.0,19,2.7,-0.044181699812150255
5798,400010143202500001,2,0.0,23,3.65,-0.04390625616637278
12204,300050370202300001,1,3.0,0,3.183333333333333,-0.043809395209176816
34279,100240984202500005,2,3.0,10,4.816666666666666,-0.043602628192052295
25878,100160757202300009,4,0.0,1,2.9833333333333334,-0.04353821474806341
24445,100140695202500010,4,0.0,17,1.7,-0.04351699690367539
20357,100110615202300007,4,2.0,4,4.25,-0.043504178220233114
7991,100030263202400016,4,2.0,20,0.26666666666666666,-0.04348268568967295
18611,100090538202500003,4,1.0,16,0.6833333333333333,-0.04342630691498117
15668,100070478202400006,3,3.0,22,2.45,-0.043425405547551255
17443,100080513202500006,4,2.0,5,1.9,-0.04324421110245902
23937,100140703202400001,3,3.0,11,0.8166666666666667,-0.043219845000730284
9886,100040319202400001,4,1.0,4,4.45,-0.043216213507331847
35836,100261032202500002,4,2.0,5,4.583333333333333,-0.04316772904915067
34140,100240973202400006,4,3.0,20,2.433333333333333,-0.043137510943524804
20494,100110613202400001,3,0.0,15,3.4833333333333334,-0.042691750179965626
22184,100120643202500008,4,0.0,21,1.0833333333333333,-0.04265513775268992
1978,100010108202300015,1,2.0,3,4.966666666666667,-0.042520114808927034
10716,100040353202500001,2,3.0,18,2.4833333333333334,-0.0425019408224423
22813,100130669202400002,1,3.0,6,3.1666666666666665,-0.042342714271243254
12021,300050382202300002,3,0.0,18,3.35,-0.04223910099609751
29953,100200887202300007,1,3.0,23,4.166666666666667,-0.04211767515952025
28073,300180831202300001,1,3.0,14,1.7333333333333334,-0.0421130281964619
19294,100100561202400002,2,0.0,23,3.3,-0.0420551620606231
4081,100010063202500001,1,3.0,13,3.3,-0.04189350094420574
21771,100120645202400004,3,2.0,7,0.38333333333333336,-0.041783967758193596
24443,100140705202500007,4,0.0,4,3.1166666666666667,-0.041639560197675674
26701,300160757202500003,1,0.0,5,4.866666666666666,-0.04151887210255112
31845,100220940202300002,3,2.0,4,3.9166666666666665,-0.041494135745259064
1025,100010059202300004,4,1.0,19,3.033333333333333,-0.04135254840085589
31883,100220940202300003,4,1.0,21,0.35,-0.041152565073590996
20447,100110598202300007,3,2.0,20,1.6166666666666667,-0.04114982623136754
24755,100150738202300005,3,3.0,5,0.6,-0.04104785912600806
38834,100311132202300006,1,3.0,5,2.8,-0.041015073723290496
19832,100100589202500005,4,1.0,18,3.283333333333333,-0.040810424922351096
18809,100100563202300001,3,3.0,19,1.3666666666666667,-0.04077731038709498
6200,100020214202300005,2,2.0,2,4.866666666666666,-0.04073796937576635
35753,100261022202500001,1,2.0,22,4.6,-0.04071559606782116
2980,300010054202400002,4,2.0,9,4.666666666666667,-0.04062049431009873
31467,100210901202400011,1,3.0,5,1.7666666666666666,-0.04045118643693146
9753,300040324202400001,4,0.0,18,3.0166666666666666,-0.040313292178854154
19911,100100568202500007,4,1.0,10,4.15,-0.04029959532268468
13708,800060448202300001,1,3.0,6,3.85,-0.040249317587731315
22312,100120632202500004,4,1.0,15,0.9833333333333333,-0.04012032196623805
33634,100230969202500009,4,2.0,0,2.433333333333333,-0.039976446579065295
30551,100200862202500002,4,1.0,3,5.0,-0.03995420916920389
9601,100040317202300015,3,0.0,0,0.11666666666666667,-0.039940940943159586
26726,100170785202300001,4,2.0,10,2.0166666666666666,-0.03982297681241531
2582,800010039202400001,4,1.0,8,4.266666666666667,-0.03978493930943017
34033,100240971202400004,2,3.0,12,3.4,-0.039638401512651744
12105,300050358202300001,2,0.0,21,0.4666666666666667,-0.039592470978046634
20363,800110616202300001,3,2.0,4,0.48333333333333334,-0.03954714039061791
750,100010072202300005,2,0.0,0,0.6666666666666666,-0.03932504058183539
24944,100150737202300011,4,2.0,0,2.5166666666666666,-0.03929831647588089
35229,300261025202300001,1,3.0,22,2.6333333333333333,-0.03925734530506009
3947,100010161202400010,3,0.0,14,0.3,-0.039236635556249566
35635,100261030202400008,4,1.0,5,0.6333333333333333,-0.039228594935572514
18915,100100569202300006,3,0.0,19,2.283333333333333,-0.03922756472203104
12337,100050372202400002,4,1.0,1,2.2666666666666666,-0.03910189727186375
34294,100240987202500004,3,0.0,4,4.883333333333334,-0.03905964406481932
19819,100100562202500006,3,2.0,10,0.5666666666666667,-0.039018175914852016
32005,100220923202300007,1,0.0,23,3.683333333333333,-0.038982323370528316
5047,100010150202500007,4,1.0,4,5.0,-0.03880606956132748
33602,100230955202500008,2,3.0,15,0.75,-0.03878438754309821
7798,100030270202400007,3,2.0,3,4.783333333333333,-0.03872126011228283
4882,100010110202500005,3,2.0,13,4.95,-0.03871268941293038
16664,300080519202300001,3,0.0,1,4.6,-0.038635799094295264
26630,100160753202500011,1,3.0,1,2.683333333333333,-0.038512613356549874
5826,100010083202500011,4,1.0,15,4.4,-0.038469553339968265
27662,100170787202500004,1,0.0,5,4.783333333333333,-0.03840674533105026
34189,100240981202400015,2,3.0,14,2.4,-0.03840566769851572
13765,100060408202300010,2,2.0,22,0.4166666666666667,-0.03835590545994472
2908,100010073202400003,4,0.0,7,3.433333333333333,-0.03819424413272632
29311,100190855202400007,2,3.0,10,2.55,-0.038170216546775104
22626,100130665202300008,3,3.0,1,1.4333333333333333,-0.03812719453451008
1556,100010192202300018,3,0.0,22,2.4,-0.03811791121768737
24415,100140713202500004,2,0.0,4,0.23333333333333334,-0.0376500061967916
25010,100150725202400001,2,3.0,8,1.1666666666666667,-0.03752816306985185
16519,100080505202300006,1,2.0,1,4.7,-0.03750425639582178
29776,100200880202300003,1,2.0,22,0.35,-0.03745966350549068
38817,100311124202300004,3,0.0,7,1.2333333333333334,-0.037344504322783245
31317,100210915202400007,2,3.0,19,1.5833333333333333,-0.03713586399502089
5350,100010148202500006,3,0.0,17,4.166666666666667,-0.03704305689404175
31671,800210894202500001,4,2.0,1,3.0166666666666666,-0.03695961899245903
35613,100261025202400009,1,3.0,11,0.6333333333333333,-0.0369017207448471
27188,400170793202400001,3,0.0,14,2.85,-0.03678681109396198
33131,100230960202400005,1,2.0,0,4.916666666666667,-0.03675627766620515
35180,100261013202300005,3,3.0,21,3.75,-0.03672176716803621
12057,100050375202300009,1,3.0,8,1.8166666666666667,-0.036624075515230836
6458,100020205202400011,1,3.0,15,2.5,-0.036269564035463
23575,100140691202300001,4,0.0,13,2.45,-0.036199729201359054
37307,100291080202300004,3,2.0,22,1.2666666666666666,-0.03612109618684001
23687,100140715202300006,4,1.0,21,4.883333333333334,-0.0360725599037951
24744,100150731202300007,4,1.0,0,2.816666666666667,-0.035835126791492145
392,100010168202300002,4,1.0,2,0.85,-0.03575247727919073
31514,100210897202500001,3,3.0,18,3.0166666666666666,-0.035751231788553994
30116,100200888202300008,3,3.0,1,4.033333333333333,-0.03561340888120601
6463,400020202202400001,3,3.0,16,1.9666666666666666,-0.0355824263227138
2714,100010144202400005,3,0.0,23,3.15,-0.03557035887762616
28700,100180806202500024,4,1.0,19,2.5833333333333335,-0.03555973503322052
8226,100030249202500006,3,3.0,5,3.2666666666666666,-0.03548259440997481
7950,100030234202400010,1,0.0,22,3.783333333333333,-0.03537893561234007
3727,100010090202400009,1,0.0,0,4.933333333333334,-0.03531373176196628
14492,100060431202500004,4,2.0,15,4.55,-0.03530034625241474
21634,100120625202400001,4,1.0,15,1.4333333333333333,-0.03528935196457539
27922,100180830202300008,3,1.0,20,0.38333333333333336,-0.03522337866442993
18678,100090553202500009,4,2.0,3,2.8333333333333335,-0.03517128122440283
11325,100040302202500005,1,0.0,22,3.8,-0.03515437081483386
10987,300040294202500001,3,3.0,18,1.5833333333333333,-0.035132247737436284
28888,800190835202300001,2,2.0,22,4.3,-0.03511742524011541
4020,100010040202400010,1,3.0,4,4.983333333333333,-0.035015031388248574
35139,100261031202300001,4,1.0,1,3.5,-0.035011399431298273
10465,100040298202400006,1,0.0,5,4.65,-0.03493780523069534
34829,100250997202400009,3,1.0,19,0.11666666666666667,-0.03493466204857154
13009,100050357202500008,3,1.0,0,4.783333333333333,-0.03493307296202597
36282,100271055202300011,4,1.0,10,3.15,-0.03485089873763181
20737,100110616202400010,4,0.0,9,2.5833333333333335,-0.03464624346966283
38818,800311129202300001,3,1.0,23,2.816666666666667,-0.034590731263071994
12068,100050366202300010,4,1.0,22,0.9833333333333333,-0.03452530726745606
4566,100010153202500002,4,1.0,2,3.8666666666666667,-0.034376879886128475
28587,100180818202500004,1,3.0,9,4.433333333333334,-0.034356757128687465
3020,100010200202400006,4,1.0,8,4.333333333333333,-0.03410994776458465
8516,100030262202500005,4,1.0,20,0.4666666666666667,-0.03384697341136156
29960,100200890202300004,3,0.0,22,3.45,-0.033814886329795346
21163,100110622202500006,2,0.0,16,0.4166666666666667,-0.03376345146571902
3523,100010065202400007,1,3.0,10,4.016666666666667,-0.03370903559962868
26004,100160758202400003,3,1.0,20,4.933333333333334,-0.03367375017059293
23837,800140705202300001,4,1.0,4,3.8666666666666667,-0.033647431524856275
18545,100090530202500004,4,0.0,15,3.5166666666666666,-0.03364183798042886
358,100010048202300002,4,2.0,18,0.8,-0.03359396277261539
36111,400271048202300001,4,0.0,13,1.4333333333333333,-0.03355368100406919
18165,800090550202400002,4,1.0,17,1.5666666666666667,-0.03353530542468708
16855,100080514202400002,4,2.0,5,3.8,-0.033372804083038776
10984,800040297202500001,4,3.0,23,0.8833333333333333,-0.03336762253763581
2911,100010084202400008,4,1.0,15,1.7666666666666666,-0.033337702162115734
37543,100291068202400006,1,0.0,0,0.8666666666666667,-0.033308293984696036
26327,800160758202400001,1,3.0,2,2.7333333333333334,-0.033287694868398
30561,100200870202500001,4,0.0,12,3.4,-0.033251762284522646
2568,100010128202400004,2,3.0,5,2.55,-0.03322170227123933
35226,100261020202300004,3,0.0,11,1.9,-0.03314225302155138
13763,100060441202300012,4,1.0,6,4.866666666666666,-0.033130749228533984
31039,100210902202300003,2,3.0,8,4.933333333333334,-0.03311813693049126
3509,100010044202400006,3,1.0,22,4.033333333333333,-0.033099523000078346
9548,800040348202300001,1,3.0,5,3.3,-0.03303369286535074
23312,100130673202500005,1,2.0,1,0.6333333333333333,-0.03299321554040835
20930,100110600202500005,4,1.0,23,0.11666666666666667,-0.03294203927136419
3132,100010047202400004,4,2.0,1,2.1333333333333333,-0.03292837406070015
8388,100030258202500005,4,2.0,20,1.1,-0.03282019601177144
20492,100110591202400001,1,2.0,0,4.6,-0.03278338071781073
37357,100291091202300008,3,1.0,20,0.4666666666666667,-0.03275791701610076
9647,100040291202300011,4,3.0,22,0.7166666666666667,-0.03274239462335293
33170,100230967202400004,4,0.0,12,1.55,-0.03243470106464896
28368,100180818202400007,4,3.0,23,4.983333333333333,-0.032357909127862516
23899,100140708202300014,4,1.0,4,3.7,-0.03207587885484464
19849,100100560202500005,2,2.0,22,3.9166666666666665,-0.032072505215271496
7933,100030266202400012,4,2.0,1,2.9166666666666665,-0.032044665965442753
8520,300030229202500001,3,1.0,19,0.26666666666666666,-0.031971554734228524
12336,100050386202400001,3,2.0,21,0.9833333333333333,-0.031956080258323305
30317,400200877202400001,1,3.0,2,2.316666666666667,-0.03194568531760744
15347,100070455202300012,2,2.0,5,0.11666666666666667,-0.03193857618343843
6252,100020201202300007,4,1.0,7,3.15,-0.03191241551647206
15257,100070474202300005,4,3.0,22,4.766666666666667,-0.03183374635278313
6514,100020218202400009,4,0.0,18,2.65,-0.03176545807337294
31974,300220938202300001,3,0.0,7,2.8833333333333333,-0.03173560939670694
13667,100060445202300006,1,0.0,19,4.7,-0.03156921963272996
13617,300060447202300001,4,2.0,23,2.4,-0.03156378278379257
36838,300281065202300001,4,2.0,9,3.8333333333333335,-0.03154368141092356
24899,100150717202300010,3,2.0,14,3.3333333333333335,-0.03147954694168875
5737,300010060202500001,4,2.0,15,0.7666666666666667,-0.03133990317548796
6019,100010073202500007,2,0.0,21,3.2666666666666666,-0.03132854682345587
31712,300210908202500001,4,3.0,21,0.2,-0.03130087948773619
11528,100040290202500012,4,0.0,17,1.5833333333333333,-0.031242627571033355
35636,400261036202400001,1,3.0,23,4.766666666666667,-0.03121463040989192
27546,100170777202500003,1,2.0,23,3.3333333333333335,-0.031141313313424845
4488,800010178202500001,4,1.0,19,4.983333333333333,-0.031109259948321144
27381,100170792202400011,1,3.0,5,3.783333333333333,-0.031108620171460655
22154,100120646202500003,2,3.0,21,0.5333333333333333,-0.03107938673406263
2173,100010113202400001,1,0.0,2,4.333333333333333,-0.03107674119643078
37532,100291088202400001,1,3.0,0,0.6166666666666667,-0.031056333894019073
6829,100030250202300003,2,2.0,7,0.08333333333333333,-0.031032249169360093
7430,100030232202400002,4,0.0,14,2.6166666666666667,-0.030874368134246266
16613,100080491202300004,3,3.0,2,3.4833333333333334,-0.030775197669818177
31820,100220934202300001,1,2.0,3,4.583333333333333,-0.030714036118842603
15615,300070456202400001,3,0.0,0,4.116666666666666,-0.030663283011304054
12823,100050366202500005,4,1.0,20,3.4,-0.0306304658763904
10107,100040320202400004,1,1.0,23,4.95,-0.030602907363338927
8207,100030269202500003,1,0.0,6,4.6,-0.03050397450193787
18602,100090535202500009,4,3.0,21,4.266666666666667,-0.030366344696599046
10191,100040323202400004,3,2.0,13,1.3166666666666667,-0.030332527512972662
19507,800100580202400002,3,2.0,16,1.9166666666666667,-0.030288536577896652
39492,100311131202500013,1,0.0,3,0.9666666666666667,-0.030280064780283666
11216,100040339202500007,4,1.0,22,4.7,-0.030184431763426334
25561,100150729202500006,1,0.0,0,1.0666666666666667,-0.03018107305058837
30123,100200863202400001,3,1.0,18,0.26666666666666666,-0.030173212214388956
24240,100140694202400008,4,2.0,2,2.1,-0.030172887575335983
38540,100301094202500002,1,3.0,0,4.55,-0.030084361722211628
29788,800200859202300001,1,2.0,22,0.7333333333333333,-0.029876164471478894
21302,100120641202300003,3,0.0,8,0.08333333333333333,-0.029829382818138073
22406,100130672202300001,4,2.0,16,0.7666666666666667,-0.02975399429562875
5334,300010157202500004,4,1.0,9,3.8666666666666667,-0.02968057538330149
15589,100070484202400005,4,1.0,10,2.466666666666667,-0.029589920482023913
17692,100090546202300003,2,3.0,21,0.8166666666666667,-0.029565368241000534
9243,100040318202300006,1,2.0,23,1.0,-0.029561870819580394
30890,100200867202500006,4,1.0,11,3.8833333333333333,-0.02948081615725162
34014,100240973202400002,1,0.0,21,3.3833333333333333,-0.029345031909487007
14115,100060433202400005,3,0.0,19,1.1166666666666667,-0.02925161581438429
31207,100210916202300014,4,0.0,12,2.4166666666666665,-0.029136456428999535
37934,800291073202500002,4,3.0,21,4.25,-0.029097335639900135
5338,100010038202500009,3,0.0,2,4.016666666666667,-0.02885949150788658
39062,100311113202400002,3,0.0,2,0.2,-0.028845284832074936
13716,100060430202300008,4,1.0,20,2.7333333333333334,-0.02881465776095682
33408,100230952202500004,3,1.0,22,2.9166666666666665,-0.02875236758351496
14943,100060416202500009,4,1.0,5,2.35,-0.028729275470757765
33295,100230951202400011,4,0.0,9,2.0,-0.028727617231554148
1486,100010187202300012,2,3.0,13,0.3333333333333333,-0.02863719978290924
5272,100010178202500009,1,3.0,17,4.016666666666667,-0.02863290488771808
14197,100060439202400006,4,1.0,5,0.26666666666666666,-0.02860500972015756
6380,100020201202400005,2,2.0,0,3.216666666666667,-0.028566033071842356
30800,100200859202500010,2,0.0,3,4.383333333333334,-0.0285255146407829
5365,100010056202500010,3,1.0,20,0.7333333333333333,-0.028520942213414613
34068,100240971202400006,4,1.0,5,4.733333333333333,-0.028451778520043325
39571,100311110202500008,2,2.0,4,0.2833333333333333,-0.028430754381947865
13867,100060440202400001,2,1.0,23,4.616666666666666,-0.028401728220954325
11419,100040325202500009,4,1.0,3,0.45,-0.02836434244802355
28856,300190845202300002,1,2.0,23,2.85,-0.028267805895340725
24089,100140710202400004,3,2.0,0,4.75,-0.028192638111905755
27416,100170777202400011,3,0.0,0,3.8833333333333333,-0.028181897815326207
8733,100040296202300002,1,3.0,0,0.9,-0.02816945554608674
29264,100190844202400006,4,1.0,18,4.866666666666666,-0.028046012665811082
16792,100080510202300014,1,2.0,21,0.18333333333333332,-0.02804558190533679
37294,100291073202300003,3,1.0,18,4.45,-0.02804497734068434
5959,100010191202500011,3,2.0,8,2.95,-0.028031417449418616
20966,300110604202500001,4,1.0,18,0.5,-0.02801935246691234
21711,800120623202400001,1,0.0,16,0.26666666666666666,-0.027881439142314668
1167,800010032202300001,2,0.0,17,4.466666666666667,-0.027876310286717443
29400,100190852202500001,4,1.0,4,0.4166666666666667,-0.027842906779674825
25862,100160759202300010,1,0.0,16,0.25,-0.027835385876940677
8801,100040338202300002,1,3.0,11,4.333333333333333,-0.027811842736966463
13877,100060425202400002,2,2.0,17,0.1,-0.02774547245334069
19926,100100578202500007,4,1.0,16,4.9,-0.027708087084463706
21256,100120645202300001,4,1.0,10,1.0666666666666667,-0.027682336958329223
8234,100030256202500004,4,2.0,9,2.8,-0.027609784162318518
10478,300040340202400001,4,0.0,12,2.25,-0.02758086204806176
17673,100090530202300001,3,0.0,0,3.8,-0.02751573168554844
12619,800050376202400002,1,3.0,20,4.833333333333333,-0.02747515730220207
14018,100060411202400002,3,3.0,8,0.15,-0.02730264480933353
23470,100130681202500008,4,1.0,1,4.6,-0.027221791584943644
35369,100261024202300012,4,3.0,0,3.716666666666667,-0.027189098027603498
15082,100070460202300003,1,3.0,14,3.3666666666666667,-0.027153185563404514
34482,100250999202300001,2,3.0,10,0.5,-0.027090499240267962
33926,100240991202300010,3,0.0,13,0.8,-0.027055016507761653
10434,100040298202400005,2,2.0,5,4.933333333333334,-0.027011982500566467
33812,100240990202300006,2,0.0,19,4.083333333333333,-0.026991606558209535
14626,100060435202500003,2,2.0,17,4.6,-0.026975627609986397
26173,100160770202400006,3,1.0,22,2.716666666666667,-0.026962789647871355
9475,100040311202300006,4,1.0,16,0.48333333333333334,-0.02693797837094236
14595,100060431202500007,2,3.0,1,4.066666666666666,-0.026837691856694046
22960,100130660202400008,3,2.0,3,2.55,-0.02678088909533871
11587,100040296202500013,2,0.0,12,0.6333333333333333,-0.02671704078800108
1105,100010061202300010,4,2.0,8,2.6333333333333333,-0.02650084962293131
20496,100110600202400002,2,2.0,2,0.18333333333333332,-0.026447231966575613
33021,100230952202400001,4,2.0,19,2.6666666666666665,-0.026308099596785928
23643,800140715202300001,1,0.0,9,4.566666666666666,-0.026297456764886817
39384,100311114202500006,2,2.0,22,3.1,-0.026274300549396945
25795,100160771202300005,1,2.0,2,4.866666666666666,-0.02623029725995829
15252,100070476202300010,3,2.0,5,2.816666666666667,-0.026197447870431434
27937,100180820202300006,1,3.0,0,0.85,-0.026173035470239525
37788,100291069202500002,3,1.0,0,0.2833333333333333,-0.026144444573990566
23909,100140711202400001,2,0.0,17,0.16666666666666666,-0.026127154551808807
6291,100020217202300009,4,1.0,16,3.7333333333333334,-0.02610156031934463
2353,100010064202400003,1,0.0,20,3.9,-0.02591876315913555
26846,100170798202300003,2,3.0,12,0.43333333333333335,-0.02590441541758337
26154,100160765202400006,4,1.0,13,3.0,-0.02568084608531318
20775,100110595202400009,2,0.0,19,4.75,-0.025672196645634693
3236,100010168202400010,3,1.0,1,0.4666666666666667,-0.025610312820551484
489,100010072202300003,1,0.0,20,3.65,-0.025608093537109355
15014,100070458202300001,2,2.0,6,5.0,-0.025591972790495188
7835,100030246202400005,4,1.0,23,3.8833333333333333,-0.025555382844254848
27977,100180822202300006,1,0.0,5,4.183333333333334,-0.02551206360320324
26543,100160771202500009,2,0.0,2,4.833333333333333,-0.02532325251720946
5349,100010054202500005,1,2.0,19,0.23333333333333334,-0.025268164839304164
26148,100160746202400005,2,3.0,0,1.1333333333333333,-0.02526630048088596
25786,100160751202300005,2,2.0,23,3.816666666666667,-0.025253839909990528
24861,100150736202300015,1,1.0,0,4.9,-0.025250086810346684
6238,800020215202300001,4,3.0,5,5.0,-0.02521971357514119
18252,100090552202400010,3,0.0,8,0.31666666666666665,-0.025139922781863833
7946,100030251202400009,4,2.0,17,3.2666666666666666,-0.02511867476302787
39367,800311125202500001,4,3.0,20,1.5166666666666666,-0.025116790210706674
14140,100060420202400002,4,1.0,11,0.13333333333333333,-0.025107919211053598
30105,100200891202300011,1,2.0,19,0.2833333333333333,-0.02509287749626521
25005,100150743202400001,1,2.0,1,1.2666666666666666,-0.02506603269300056
13883,400060442202400001,3,0.0,23,3.4833333333333334,-0.02504484913342786
35940,100261014202500008,4,2.0,20,1.8666666666666667,-0.02490658443997895
31174,100210906202300008,2,2.0,12,0.21666666666666667,-0.024848335433828916
17084,100080499202400009,3,2.0,7,2.25,-0.024821563819091952
2972,100010133202400001,1,3.0,9,2.033333333333333,-0.024807984060100985
13016,100050378202500005,4,1.0,22,4.483333333333333,-0.024781670205014983
18875,100100569202300004,4,2.0,20,2.066666666666667,-0.024781477682451647
3095,100010163202400007,4,1.0,19,1.4666666666666666,-0.02473322590460303
5900,100010048202500011,1,0.0,3,1.55,-0.0246780660086795
27299,100170800202400006,1,0.0,1,1.7666666666666666,-0.024647129013181668
12380,100050376202400002,3,2.0,4,3.75,-0.02458552915145007
16403,100080500202300003,1,2.0,22,1.4166666666666667,-0.02447813703868673
26038,100160772202400004,1,0.0,3,4.016666666666667,-0.024379983325034105
5689,100010140202500013,2,0.0,17,0.8833333333333333,-0.02436183956193827
33186,100230955202400004,1,0.0,1,2.4166666666666665,-0.02401729593233315
31380,300210897202400001,1,2.0,13,4.5,-0.024011445539526832
31101,100210899202300001,2,0.0,19,0.5,-0.023949532830915943
21647,800120652202400001,3,1.0,0,4.9,-0.023881000595705748
3366,800010073202400003,1,2.0,19,4.3,-0.023862050648148614
10522,100040336202400006,1,3.0,12,4.95,-0.023844581008449772
13277,100060404202300003,3,1.0,1,3.8833333333333333,-0.02372216999194554
26019,100160767202400002,4,1.0,4,1.4166666666666667,-0.02363993454582536
14339,100060432202400007,1,3.0,17,3.1333333333333333,-0.023622253476344612
22390,100120644202500011,3,2.0,16,4.15,-0.023608042560642306
6040,100010181202500009,4,3.0,0,4.966666666666667,-0.023562613935549037
24081,100140700202400009,1,3.0,15,1.55,-0.023447255841459125
10705,100040299202500001,1,3.0,2,4.266666666666667,-0.02333638635588542
18759,100100567202300001,2,2.0,1,1.3666666666666667,-0.02329367515382419
39340,100311131202500002,4,1.0,0,1.0333333333333334,-0.02324653314697911
2432,100010151202400003,2,3.0,14,0.9666666666666667,-0.02318858184024164
12671,100050372202400006,1,0.0,22,4.916666666666667,-0.023161568928786624
34221,100240988202500002,1,2.0,18,4.766666666666667,-0.023111491856408817
15907,100070466202400009,1,3.0,10,5.0,-0.023111317783029994
23670,100140703202300005,2,3.0,1,1.4333333333333333,-0.02306416334915118
9252,100040327202300007,4,2.0,16,1.1666666666666667,-0.023011908206016285
11631,100040296202500014,4,3.0,18,4.7,-0.02287919266131433
36652,100271051202500003,1,3.0,11,2.95,-0.022866881437726194
12201,100050376202300010,1,0.0,2,2.2,-0.022859091920619523
9493,100040354202300017,1,1.0,0,0.13333333333333333,-0.02283235249280735
1175,100010172202300007,1,0.0,6,1.1666666666666667,-0.02273607795308763
19173,100100564202300011,1,2.0,2,3.566666666666667,-0.022603699353546114
21246,100120630202300001,3,2.0,0,4.55,-0.022583498465829077
25367,100150736202500004,3,3.0,22,3.85,-0.022432092628487665
21719,100120638202400003,3,2.0,2,3.716666666666667,-0.02241135056635113
12994,100050376202500010,1,3.0,16,2.0166666666666666,-0.022291463409450873
11427,100040344202500006,1,0.0,19,4.016666666666667,-0.022230907613599138
27844,100180828202300002,3,1.0,0,2.7,-0.02219578387594323
38236,100301103202300009,3,2.0,10,1.05,-0.0221088013124896
15478,100070478202400001,1,3.0,2,4.5,-0.022050578538459265
33518,100230942202500006,3,1.0,20,0.08333333333333333,-0.021957909128044184
39241,100311121202400013,4,1.0,7,2.433333333333333,-0.02194187623501276
6864,100030250202300005,4,3.0,17,0.8166666666666667,-0.021871452841754735
21829,100120652202400006,1,0.0,15,0.6666666666666666,-0.021847300699176064
22492,800130684202300002,1,2.0,18,0.4,-0.021827999789846952
39010,100311121202300010,4,2.0,12,1.55,-0.021821462510516754
11437,100040293202500005,2,0.0,1,2.3333333333333335,-0.021804151605541944
16310,100070484202500009,1,0.0,0,4.783333333333333,-0.021779126891985467
20974,100110597202500003,1,2.0,16,0.26666666666666666,-0.021732134420442972
10751,800040322202500001,1,0.0,10,1.05,-0.021567611233850648
19544,100100590202400007,1,2.0,7,0.36666666666666664,-0.021533895311927176
2515,100010149202400002,4,3.0,1,3.7,-0.021491086013440963
22088,100120632202500002,1,3.0,4,4.8,-0.021364831734364542
23706,100140689202300008,1,3.0,22,0.8166666666666667,-0.02135905240518099
38514,100301100202500001,1,2.0,17,4.966666666666667,-0.02112192581017036
12135,100050395202300013,4,1.0,23,3.4166666666666665,-0.021069722395751778
21076,100110609202500006,1,2.0,0,3.1666666666666665,-0.02095912747899542
7003,100030238202300005,1,2.0,7,0.4166666666666667,-0.02091145664300975
3675,100010130202400011,1,0.0,19,3.283333333333333,-0.02087987346709541
3063,100010163202400006,4,3.0,20,0.7666666666666667,-0.020859314111277394
20937,100110610202500005,2,3.0,2,1.0333333333333334,-0.02078894700133893
12545,300050373202400001,3,1.0,20,3.216666666666667,-0.0207482556177514
15741,800070472202400001,1,1.0,23,0.23333333333333334,-0.020656904681234822
9179,100040282202300010,3,2.0,19,3.3333333333333335,-0.02065454835750402
39232,300311128202400003,4,1.0,2,2.066666666666667,-0.020641132236909665
34246,100240985202500002,4,0.0,12,4.45,-0.02063811815125116
8596,100030222202500006,2,0.0,1,2.6,-0.02062034155699377
23324,100130668202500007,3,1.0,1,3.533333333333333,-0.02058930299274775
38146,100301108202300009,4,3.0,16,0.2833333333333333,-0.020563187494506807
39424,100311121202500004,4,2.0,11,1.75,-0.0205027030434074
26621,100160750202500007,4,1.0,6,0.4666666666666667,-0.02044821791224083
15052,100070468202300003,1,2.0,22,2.1333333333333333,-0.020363846536140873
5914,100010177202500010,4,1.0,19,0.25,-0.02022653734343982
4551,100010128202500005,4,1.0,11,1.5833333333333333,-0.020206978041475643
38480,800301108202400001,4,1.0,1,3.9166666666666665,-0.02016829606596915
39479,800311123202500001,1,3.0,4,4.6,-0.02015761099274138
33997,100240971202400001,3,2.0,19,0.15,-0.020138826989065772
22241,100120639202500007,4,1.0,21,3.85,-0.02012670047433507
37096,100281060202500003,4,3.0,2,0.95,-0.02003946788251243
8811,100040282202300004,2,0.0,16,1.2666666666666666,-0.020009243165813984
1138,100010087202300004,4,1.0,0,3.183333333333333,-0.02000703468414755
37012,100281063202400008,1,0.0,6,1.2833333333333334,-0.020006863277604703
1359,100010045202300009,2,0.0,11,4.116666666666666,-0.0199980923515779
11786,100050399202300004,4,1.0,19,1.1833333333333333,-0.019985083059790076
17809,100090531202300005,1,0.0,8,3.7,-0.01996530767068161
18641,100090549202500009,4,3.0,21,1.1,-0.019963159291651156
28095,100180813202300014,4,1.0,6,1.9333333333333333,-0.019960198010629204
35279,100261014202300009,3,0.0,17,0.4,-0.019931311672823915
13154,100050376202500016,2,0.0,13,0.3,-0.01982127550331203
39315,100311134202500002,4,1.0,11,4.516666666666667,-0.019783716869899992
15938,100070470202500002,1,2.0,10,0.45,-0.019767811231516275
10971,100040296202500004,2,2.0,22,0.7166666666666667,-0.019725312523467764
19045,100100564202300004,1,2.0,0,3.9,-0.01968129766122384
5243,800010165202500001,4,3.0,4,4.966666666666667,-0.019676754689726073
29509,100190834202500003,3,2.0,0,0.8333333333333334,-0.019644856414450684
18616,800090546202500001,2,2.0,13,4.416666666666667,-0.01963533446481147
9827,100040307202400002,1,3.0,16,0.38333333333333336,-0.019521089141297354
20285,100110591202300004,2,0.0,22,1.5166666666666666,-0.019501841616004434
18897,100100584202300007,2,2.0,4,0.7,-0.019483478497905105
27452,800170794202500001,3,2.0,20,2.066666666666667,-0.019472663336604912
371,100010153202300003,1,2.0,16,0.43333333333333335,-0.019418587429960277
1545,100010187202300013,1,1.0,0,4.7,-0.019411742717086455
9856,100040347202400004,2,3.0,8,4.3,-0.019314401743503518
31355,100210909202400007,4,0.0,13,4.333333333333333,-0.01925997950626057
22372,100120629202500007,3,1.0,3,0.36666666666666664,-0.019239512320399665
33570,300230953202500001,1,2.0,9,0.26666666666666666,-0.019186473940583926
24478,100140697202500009,1,2.0,22,3.8833333333333333,-0.019117424054041265
30856,100200875202500011,4,1.0,11,0.36666666666666664,-0.019108926745881716
15283,100070462202300010,3,2.0,10,4.833333333333333,-0.019089457311613156
34641,100250998202300009,4,3.0,21,0.36666666666666664,-0.019083238759035948
11553,100040301202500014,4,3.0,17,4.5,-0.019060477624163075
27599,100170786202500006,4,2.0,17,1.4833333333333334,-0.018886188341738275
38244,100301103202300010,2,0.0,17,3.316666666666667,-0.01887740645000857
28158,100180813202400002,3,2.0,21,0.5833333333333334,-0.018876242363837004
31700,100210895202500005,1,0.0,20,2.35,-0.018788125865972116
38157,100301097202300005,2,1.0,0,4.6,-0.018769344592835857
11402,100040353202500007,3,1.0,15,0.8166666666666667,-0.018692785891619268
7077,300030240202300001,2,1.0,23,4.216666666666667,-0.018670437354777247
947,100010172202300005,1,0.0,21,0.55,-0.018659415532181978
23230,100130678202500004,3,0.0,21,1.0,-0.01861141557533874
23488,800130661202500001,3,1.0,10,3.683333333333333,-0.01856198892319716
15948,100070461202500002,2,3.0,22,1.9,-0.018529306137824997
33705,100230963202500011,4,3.0,23,4.45,-0.01851154947722311
26101,100160773202400004,3,1.0,21,0.8333333333333334,-0.01848378228357328
16053,100070476202500004,1,1.0,21,4.883333333333334,-0.018482827934932278
35965,100261027202500007,4,0.0,9,0.26666666666666666,-0.018466183278724957
10641,100040312202400015,1,0.0,5,0.3,-0.018452271476885884
24687,100150730202300002,2,3.0,20,3.9166666666666665,-0.0184334198984335
35457,100261019202400001,2,0.0,13,1.4333333333333333,-0.01839382536452483
39502,100311133202500007,2,0.0,5,1.5166666666666666,-0.01837606497197808
30417,100200877202400008,1,2.0,17,0.26666666666666666,-0.018370881010018714
34757,100251000202400003,4,1.0,9,4.283333333333333,-0.01828462955925292
1542,100010147202300012,3,2.0,22,3.6666666666666665,-0.018100318361280676
16217,100070479202500010,3,1.0,1,4.633333333333334,-0.018063664662316237
17514,100080517202500008,1,0.0,18,4.983333333333333,-0.017918983721453174
24363,800140693202500001,4,1.0,22,1.0166666666666666,-0.017822270431884002
32635,100220926202500009,2,3.0,6,4.616666666666666,-0.01780134780392928
10513,100040322202400010,3,1.0,1,0.7666666666666667,-0.017794620506967118
26731,100170804202300001,3,1.0,21,4.516666666666667,-0.017760197210805462
2188,100010141202400002,3,0.0,19,0.5,-0.017600404688029037
36249,100271047202300011,3,1.0,8,4.116666666666666,-0.017579286879266243
29345,100190839202400003,3,0.0,16,0.55,-0.017529988602874913
38070,400301105202300001,2,1.0,22,0.23333333333333334,-0.017516711649457783
21024,100110612202500006,3,1.0,7,4.1,-0.017476894097234075
22440,100130660202300003,1,2.0,2,3.216666666666667,-0.017453001797569256
10981,800040290202500001,1,0.0,20,0.1,-0.0174431849315434
7814,100030263202400009,3,1.0,9,3.8666666666666667,-0.01736165636212217
33452,800230943202500001,2,3.0,22,3.566666666666667,-0.01729864632924638
13981,100060406202400004,4,3.0,19,2.433333333333333,-0.01725222384651015
31530,100210904202500001,3,2.0,19,0.11666666666666667,-0.017244795265157098
7368,300030224202400001,2,3.0,5,4.2,-0.017196232071101214
30449,100200864202400007,1,3.0,15,4.6,-0.01718906632458561
34088,800240975202400002,2,1.0,20,4.733333333333333,-0.01717183482549245
26076,100160773202400003,3,2.0,12,3.05,-0.017133918016563165
14308,100060410202400021,4,3.0,21,1.95,-0.017053512467752552
37281,800291070202300002,1,2.0,9,4.266666666666667,-0.017030359655982763
18326,100090546202400016,1,0.0,15,3.966666666666667,-0.016981077101215325
35757,100261024202500002,4,1.0,4,4.066666666666666,-0.016941138316561855
29191,100190853202400007,2,0.0,4,3.1,-0.01688130593355286
2429,100010172202400004,2,0.0,16,2.05,-0.016852657815321193
32371,100220931202400013,4,3.0,0,2.9166666666666665,-0.01680954188477657
38773,100311118202300003,3,2.0,0,3.6666666666666665,-0.016769383404730998
37649,100291087202400005,1,2.0,14,4.333333333333333,-0.01674682915442416
36703,100271041202500004,3,0.0,15,1.85,-0.01672957467242564
31772,100210895202500010,3,1.0,22,4.233333333333333,-0.0167163533574608
14077,100060434202400006,4,3.0,2,3.6,-0.01668053031614225
37555,100291082202400003,4,1.0,21,0.85,-0.01665915985274502
19253,100100565202400002,3,1.0,13,3.683333333333333,-0.0166545368534331
31631,100210912202500006,1,0.0,17,4.75,-0.01660297247871656
20843,100110598202400013,2,0.0,4,2.6666666666666665,-0.016595719178522206
15377,400070478202300001,1,3.0,1,4.2,-0.016538478844140392
33384,100230952202500002,4,3.0,21,2.45,-0.01649536591287193
21824,800120647202400001,1,0.0,16,4.983333333333333,-0.016452970336422457
14049,100060405202400003,1,0.0,4,2.7333333333333334,-0.016430482221214127
25170,100150721202400008,1,0.0,15,4.166666666666667,-0.01630077309200484
9068,100040284202300004,4,1.0,6,0.7833333333333333,-0.016252177260757228
12718,100050394202400017,1,2.0,23,0.8333333333333334,-0.01619772101935213
25659,100160747202300003,1,2.0,0,4.783333333333333,-0.01614409908933767
22341,100120645202500007,2,0.0,3,1.7833333333333334,-0.016141104046810906
23101,100130676202400005,4,3.0,17,1.4666666666666666,-0.01613174639373205
27537,800170793202500001,1,0.0,18,2.066666666666667,-0.016121515737708147
23162,100130670202400007,1,2.0,17,0.6833333333333333,-0.016114212404876427
27539,100170804202500005,4,1.0,0,1.7333333333333334,-0.016093402070855745
26096,300160760202400002,3,2.0,3,4.8,-0.015977843333904285
26157,100160773202400005,1,0.0,21,0.43333333333333335,-0.015966964827837216
28026,100180830202300011,2,2.0,14,4.333333333333333,-0.015921620973676
29889,800200891202300002,2,2.0,11,0.75,-0.015915569093896575
12123,100050395202300011,1,2.0,3,3.3333333333333335,-0.015912168040897234
1657,100010149202300010,4,1.0,22,3.15,-0.015863771260685278
31128,100210916202300009,1,0.0,4,2.6,-0.015834649125225142
30009,100200881202300008,4,1.0,21,3.65,-0.0157911184698849
23934,300140707202400001,4,2.0,2,4.183333333333334,-0.015767086060287205
32818,100230953202300003,2,0.0,3,3.783333333333333,-0.01571873749494601
23223,100130664202500002,3,1.0,19,2.35,-0.015718254967455048
5440,100010036202500015,1,0.0,12,4.3,-0.015668668161135435
8128,100030220202500004,3,1.0,19,2.0,-0.015664807470162745
35076,100250992202500011,3,0.0,21,3.9166666666666665,-0.015600694065858511
36584,100271047202500001,1,2.0,12,0.13333333333333333,-0.015515133797518121
9904,100040304202400002,3,1.0,7,0.5333333333333333,-0.015515052624233472
33095,100230966202400002,2,2.0,6,1.0166666666666666,-0.015506119025608167
29052,100190850202300014,2,0.0,1,4.766666666666667,-0.015505324181233182
36851,300281062202300001,2,0.0,13,2.85,-0.015499031890442994
25558,100150739202500009,2,0.0,3,2.466666666666667,-0.015466917245483658
31862,100220941202300002,4,3.0,14,1.85,-0.015461267246199895
20602,100110609202400005,1,0.0,4,4.666666666666667,-0.01542561065632686
32512,100220920202500005,2,2.0,17,3.9833333333333334,-0.015358028720550365
20196,100110614202300002,3,2.0,20,4.666666666666667,-0.015338567242768164
26618,400160753202500001,1,3.0,23,2.533333333333333,-0.015334294155422312
6203,400020211202300002,3,0.0,21,4.3,-0.01533202393496047
37588,800291086202400001,1,3.0,20,1.1,-0.015306577212816808
19850,100100572202500002,1,0.0,1,4.883333333333334,-0.01530365871983319
32261,100220940202400004,3,0.0,4,1.3166666666666667,-0.015258011775201252
27142,100170796202400001,4,2.0,0,2.466666666666667,-0.015253860609103942
2469,100010046202400001,2,2.0,13,5.0,-0.015181316092462871
29080,100190852202300008,1,2.0,4,4.116666666666666,-0.015137990061932949
36034,400261011202500001,1,0.0,0,0.16666666666666666,-0.015124018503590464
37983,100291078202500013,1,0.0,17,1.1833333333333333,-0.015108370865335563
6657,100020216202500004,1,2.0,14,4.15,-0.015097910955532146
8465,800030243202500001,3,1.0,19,2.2,-0.015064731516474694
2225,100010145202400001,1,0.0,14,3.3666666666666667,-0.015056149844899891
17700,100090525202300007,4,0.0,1,1.4833333333333334,-0.015030777152724828
25121,100150730202400008,1,1.0,22,0.15,-0.015023479771443471
17889,100090523202300006,1,0.0,23,4.116666666666666,-0.015010975271350091
34811,100250997202400007,1,2.0,11,4.233333333333333,-0.014999264609460994
25743,100160764202300002,1,2.0,15,0.08333333333333333,-0.014996155108821352
11047,100040299202500007,2,0.0,21,4.3,-0.014974328323112407
25309,100150723202500002,3,3.0,1,4.783333333333333,-0.01497255339306336
13069,100050388202500007,3,1.0,23,1.05,-0.014957926471976801
6415,100020206202400003,2,0.0,22,0.13333333333333333,-0.01495047712877029
28877,100190845202300003,4,1.0,11,0.48333333333333334,-0.014927005617561218
25422,100150735202500004,2,3.0,11,4.4,-0.014907757570680968
386,100010097202300004,4,1.0,13,4.183333333333334,-0.014891100256696155
15213,100070481202300009,4,1.0,5,3.933333333333333,-0.01487194166260275
7132,100030256202300009,2,0.0,2,0.11666666666666667,-0.014730853110266118
35939,100261012202500007,1,3.0,22,1.8333333333333333,-0.014707894806901822
23224,400130661202500001,4,1.0,14,4.35,-0.014673641526810055
25940,100160751202300009,3,1.0,7,3.7333333333333334,-0.014613551384278223
16996,100080488202400007,3,0.0,3,3.816666666666667,-0.014555642474912367
38038,100291075202500014,2,3.0,4,2.816666666666667,-0.014552701733480888
25305,100150741202500002,4,3.0,20,3.25,-0.014529632128581382
16316,100070463202500009,2,3.0,20,1.5166666666666666,-0.014500694275265014
12828,100050374202500003,4,1.0,4,3.65,-0.014487787484709025
9293,100040282202300012,1,0.0,13,3.45,-0.014480308697754296
34301,100240978202500002,4,3.0,5,4.733333333333333,-0.014428036243837705
15250,100070451202300005,1,0.0,23,3.95,-0.014390433663955315
18118,100090546202400004,1,3.0,8,0.4666666666666667,-0.014384928525730922
2488,100010186202400002,1,2.0,0,3.033333333333333,-0.01436331204506791
25883,100160751202300007,1,2.0,11,3.9833333333333334,-0.014300771093962217
37165,100281062202500004,2,0.0,22,0.18333333333333332,-0.01429773248449362
26488,100160755202500009,1,0.0,13,3.3833333333333333,-0.014295072185606106
17624,100090536202300001,4,1.0,21,0.9666666666666667,-0.014288623436326642
5403,100010044202500009,1,3.0,3,4.05,-0.014284283613972049
35601,800261021202400001,3,1.0,2,0.25,-0.014283630314851914
15065,100070486202300002,2,3.0,20,1.5666666666666667,-0.014283191249402694
7705,800030248202400001,4,3.0,22,4.366666666666666,-0.014270176262418
36001,100261015202500009,3,1.0,19,2.1333333333333333,-0.01424900278649055
1080,100010042202300006,3,1.0,2,3.283333333333333,-0.014230243961356748
1299,100010128202300007,3,0.0,9,0.8833333333333333,-0.014216178929972845
6074,400010055202500002,2,2.0,19,1.6166666666666667,-0.01410170804421873
10084,800040281202400002,3,0.0,18,0.6166666666666667,-0.014059788785417249
22528,100130668202300003,2,3.0,1,4.833333333333333,-0.014055855205958423
6717,100020215202500015,3,1.0,9,3.533333333333333,-0.014041437499679899
10778,100040349202500004,4,3.0,2,0.11666666666666667,-0.01402273727582426
19069,100100580202300011,2,0.0,14,2.45,-0.013960804548899253
1528,100010089202300009,1,2.0,21,0.5666666666666667,-0.013925504874091499
33745,300240972202300002,1,2.0,16,4.6,-0.013899336347589553
39095,100311121202400007,1,2.0,6,3.683333333333333,-0.013887565879963537
18030,400090530202400001,4,1.0,15,4.333333333333333,-0.013670998543074409
23318,100130665202500005,4,1.0,12,0.5,-0.013638308906475993
6883,100030252202300002,3,2.0,23,2.2333333333333334,-0.013592188375488368
23021,100130656202400012,2,2.0,19,4.733333333333333,-0.013515981632906127
13291,100060443202300001,2,1.0,0,4.816666666666666,-0.013512809959310035
8318,100030248202500004,4,1.0,7,3.7333333333333334,-0.013503138597649067
29728,100200892202300002,1,3.0,22,3.8833333333333333,-0.013502277051305467
10353,800040314202400002,1,3.0,11,0.5666666666666667,-0.013457875953197362
22420,100130664202300002,4,0.0,23,1.8333333333333333,-0.013439040109741063
36808,300271041202500001,1,0.0,13,4.866666666666666,-0.01343029545954555
2788,100010166202400006,1,0.0,7,2.8,-0.013377167632820597
29084,300190842202300002,1,3.0,22,3.533333333333333,-0.013353525612798345
16815,100080510202400001,4,3.0,22,0.36666666666666664,-0.013121304537989764
10587,100040328202400010,1,0.0,22,0.8666666666666667,-0.013117586743759846
36791,100271053202500008,3,2.0,20,3.6166666666666667,-0.013094228544070718
6790,100030228202300001,3,0.0,1,1.6666666666666667,-0.013092224122844276
28313,300180816202400001,4,1.0,19,4.033333333333333,-0.01305822047596783
36141,100271049202300002,2,0.0,8,4.233333333333333,-0.013028065316183612
34216,100240986202400016,2,0.0,7,1.85,-0.01301317387428691
35898,100261019202500006,1,0.0,23,3.45,-0.01296376188327053
34606,100250996202300006,3,1.0,1,2.216666666666667,-0.012963306411147402
1844,100010163202300012,4,3.0,10,3.966666666666667,-0.01291535913948938
5759,100010179202500010,4,1.0,20,3.6166666666666667,-0.01288971576339204
39301,100311115202400007,3,1.0,18,4.583333333333333,-0.012886987961460372
100,300010165202300001,4,1.0,16,1.3833333333333333,-0.012870021064863457
24938,100150728202300011,2,2.0,7,1.1333333333333333,-0.012792761269631248
20620,100110610202400004,2,1.0,23,2.066666666666667,-0.012736112366970476
33941,100240975202300009,3,1.0,3,0.3333333333333333,-0.01271118043108277
21456,100120653202300007,2,0.0,8,2.283333333333333,-0.012709609655184084
4162,100010065202500001,3,0.0,8,3.183333333333333,-0.01266794124679227
15093,100070458202300004,3,0.0,22,2.2666666666666666,-0.012630015260490124
36885,800281064202300002,1,0.0,17,2.566666666666667,-0.012622136093748071
5262,300010144202500001,2,2.0,8,3.7333333333333334,-0.01260131594065561
23385,100130666202500004,1,1.0,23,4.45,-0.012584068632947254
1218,100010165202300008,4,1.0,22,3.4166666666666665,-0.012550624619349193
22339,100120634202500007,4,1.0,7,1.75,-0.012534520275849226
21416,800120649202300001,1,0.0,2,0.9,-0.012531817927341704
19659,100100554202500001,3,1.0,23,4.733333333333333,-0.012518717537155166
4855,100010198202500004,4,1.0,22,1.45,-0.012454119187962132
38849,100311117202300004,1,0.0,7,2.566666666666667,-0.012364008044013608
3585,100010069202400008,2,2.0,16,3.75,-0.012310786893773074
1328,100010056202300009,3,2.0,23,3.5166666666666666,-0.012299206842261823
22448,100130681202300002,4,3.0,11,0.85,-0.012191561826043973
28989,100190853202300011,2,0.0,9,1.8,-0.012171543589241551
3974,100010173202400013,1,2.0,0,0.26666666666666666,-0.012105789724136118
21600,100120650202300010,4,1.0,1,1.5,-0.01210231906733461
28567,800180810202500002,1,3.0,8,4.533333333333333,-0.01207094850472945
37187,100281062202500009,3,0.0,19,3.3333333333333335,-0.012063477423752578
29177,100190850202400004,3,1.0,22,1.0,-0.012063036335824395
2092,100010137202400003,3,2.0,12,2.1166666666666667,-0.012026297316477863
24231,100140707202400009,4,1.0,5,0.9333333333333333,-0.012025578854132246
28005,100180806202300007,2,1.0,23,1.2333333333333334,-0.011993199424645384
27264,100170800202400005,4,1.0,16,4.283333333333333,-0.011950576752788655
10995,100040331202500006,3,2.0,11,1.4333333333333333,-0.011925654736753
24637,100150717202300001,1,1.0,1,4.75,-0.011912205425766542
26905,300170797202300001,4,1.0,14,0.45,-0.011880413017817504
27194,100170796202400004,3,1.0,17,2.9166666666666665,-0.011770439543336786
12978,100050366202500007,2,0.0,7,1.9833333333333334,-0.011732464805304876
28936,100190836202300004,1,2.0,19,0.5833333333333334,-0.011672687158104988
38920,300311124202300001,2,0.0,8,2.216666666666667,-0.011648115128775172
5638,100010169202500008,3,2.0,1,4.516666666666667,-0.011642379235361378
14183,100060407202400009,3,0.0,10,4.066666666666666,-0.01162064734717283
1690,100010171202300007,2,0.0,9,1.9666666666666666,-0.011573924677251823
6024,100010133202500006,1,0.0,4,0.7666666666666667,-0.011572415871895725
31664,100210908202500008,2,1.0,23,1.1666666666666667,-0.011559962903165522
321,100010107202300004,4,1.0,10,1.95,-0.01154812183122067
3832,100010182202400011,2,3.0,22,2.8,-0.011491874434095606
16917,100080496202400003,4,3.0,13,0.5666666666666667,-0.011458043800737894
12904,100050373202500002,1,0.0,23,1.3833333333333333,-0.011401970026549302
18065,100090552202400005,4,1.0,7,0.8166666666666667,-0.011398496784140066
11567,100040291202500010,1,0.0,23,2.933333333333333,-0.01136828131968215
4971,100010065202500005,2,1.0,23,2.3,-0.011353656155174252
8088,100030250202500001,2,2.0,15,3.4833333333333334,-0.011325645814042606
4235,800010130202500001,3,2.0,22,1.0166666666666666,-0.011157542310781254
31373,100210902202400004,3,1.0,23,4.883333333333334,-0.011151925942608165
35768,100261034202500001,3,1.0,10,2.966666666666667,-0.011097736068623854
24962,100150722202400002,4,2.0,16,5.0,-0.011096858356220873
11072,100040285202500002,1,3.0,3,2.7,-0.011029173838791317
36288,100271041202300010,3,0.0,20,1.3666666666666667,-0.011005957423716461
33164,100230965202400005,2,0.0,23,4.183333333333334,-0.010993787948024192
15395,100070484202300008,2,0.0,23,4.183333333333334,-0.010993787948024192
30970,100210898202300002,4,1.0,0,4.85,-0.010981521597502542
38739,100311117202300001,1,2.0,5,0.5166666666666667,-0.010934380419311718
30815,100200874202500010,1,1.0,23,4.383333333333334,-0.010883371367599648
24071,100140713202400005,1,1.0,20,4.766666666666667,-0.010851341456222685
8091,100030256202500001,1,0.0,22,4.933333333333334,-0.010834682900926373
36762,100271041202500006,3,0.0,18,4.033333333333333,-0.010792341537571915
2037,100010182202400001,4,1.0,20,0.95,-0.01077844814391915
9148,800040340202300001,1,2.0,9,4.65,-0.010726787327874243
17167,100080510202400011,3,1.0,2,2.816666666666667,-0.010693806573672582
3872,100010184202400012,4,3.0,5,4.75,-0.010636818314404994
33959,100240980202300008,1,2.0,18,1.9833333333333334,-0.010593640367340007
5418,100010138202500012,1,3.0,23,2.466666666666667,-0.01055584679182009
11758,800050362202300001,2,0.0,1,2.7333333333333334,-0.010551535001077972
19327,100100571202400001,1,0.0,1,1.1666666666666667,-0.010460733841255343
37345,100291071202300008,3,1.0,14,3.216666666666667,-0.01045066094700553
6887,100030266202300004,1,2.0,7,0.6333333333333333,-0.010446287034518886
34958,100250993202500005,4,3.0,6,1.1833333333333333,-0.010438790131972242
11550,100040353202500008,4,0.0,20,3.8333333333333335,-0.010438678203625096
16741,800080512202300004,4,3.0,0,4.55,-0.010374195801794439
22407,100130657202300001,1,2.0,22,1.0,-0.010362406548940828
37995,100291079202500017,1,2.0,21,4.083333333333333,-0.01032822367010977
25490,100150722202500006,3,0.0,9,3.85,-0.010319564436165773
14271,100060438202400014,4,0.0,8,0.8166666666666667,-0.010307414771010714
9388,100040329202300007,4,1.0,18,3.9,-0.01025608045300952
31134,800210907202300001,4,3.0,16,2.7333333333333334,-0.010255736525623393
29576,100190857202500003,4,1.0,21,3.05,-0.010192332949423344
5374,100010061202500005,4,3.0,2,0.5833333333333334,-0.01018961639906879
9104,100040276202300008,4,3.0,23,1.2166666666666666,-0.010171934702529417
12417,400050375202400001,2,2.0,21,4.3,-0.010155141242834453
843,100010130202300007,4,2.0,2,4.95,-0.010071088766234193
35948,100261015202500007,4,3.0,11,0.9833333333333333,-0.010031556783820617
18958,100100589202300002,1,2.0,22,4.783333333333333,-0.01002873972420315
29263,100190851202400002,4,2.0,1,1.6666666666666667,-0.00992954077015229
11963,100050393202300003,3,3.0,23,4.683333333333334,-0.009908163046011498
6164,100020212202300003,1,0.0,9,2.4833333333333334,-0.009802039132493445
7254,800030220202300001,4,3.0,19,3.316666666666667,-0.009798681294699518
36814,100271045202500011,1,2.0,23,1.4166666666666667,-0.009674214867239073
1100,100010143202300005,3,2.0,0,2.0,-0.009652440202803203
12137,100050391202300010,4,3.0,14,4.616666666666666,-0.009639694159845003
7107,100030258202300005,1,0.0,6,4.016666666666667,-0.009571762424891772
20144,100110595202300001,4,1.0,22,1.8166666666666667,-0.009565684409300057
35900,100261033202500006,4,1.0,7,3.466666666666667,-0.009328015917668298
31109,100210897202300011,2,1.0,0,3.75,-0.009285308913280166
33081,800230958202400001,1,3.0,4,3.433333333333333,-0.009252837542758852
11149,100040283202500004,3,0.0,22,2.183333333333333,-0.009214891919062995
7819,100030222202400003,1,2.0,16,1.0833333333333333,-0.009213503745442275
25453,300150723202500002,1,0.0,0,0.45,-0.009210332960605583
27863,100180830202300006,3,1.0,3,0.5,-0.009204859984218383
9221,100040348202300007,2,2.0,6,0.6833333333333333,-0.009188957427621713
38657,100301108202500009,1,3.0,15,0.9166666666666666,-0.009027073903950744
31566,100210898202500001,2,2.0,0,4.35,-0.009003723658693175
23133,100130667202400019,1,3.0,22,3.55,-0.00892504033375785
9376,100040302202300009,2,0.0,21,1.8333333333333333,-0.008916171103103498
19735,100100555202500001,4,0.0,20,4.983333333333333,-0.008914074220816914
26944,100170784202300006,3,0.0,21,1.8833333333333333,-0.008777652115205758
39393,100311117202500001,3,2.0,21,3.9166666666666665,-0.008759350524030762
11620,400040320202500002,2,3.0,18,1.65,-0.008750735105065521
6230,100020203202300007,2,3.0,8,3.25,-0.008728590468446762
37255,100291079202300003,1,1.0,2,4.683333333333334,-0.008674574868832718
20355,100110592202300010,4,3.0,23,1.35,-0.008661196165694274
16379,100070486202500012,4,3.0,3,0.8333333333333334,-0.00865907245069475
11045,100040346202500005,2,1.0,5,4.766666666666667,-0.008641749147810351
26338,100160768202400007,1,1.0,4,4.916666666666667,-0.008634687603960356
30691,100200888202500004,4,1.0,21,3.183333333333333,-0.008551149886321885
30473,100200889202400012,1,3.0,21,1.9333333333333333,-0.008550947060936287
7959,100030236202400011,2,1.0,2,0.36666666666666664,-0.00854900808342618
6147,100020212202300002,2,0.0,4,4.883333333333334,-0.008525873949149165
1400,100010120202300008,3,1.0,5,0.35,-0.008519035955724563
31025,100210902202300002,1,1.0,1,0.6333333333333333,-0.00851899774793996
21937,100120648202400009,4,3.0,1,1.3666666666666667,-0.008508513581505617
2466,100010160202400005,2,3.0,12,1.9,-0.008504236144196153
16000,100070481202500003,1,0.0,11,3.0,-0.00849664800235872
28491,100180808202500002,4,3.0,7,1.8666666666666667,-0.008488339844543558
20136,100110611202300002,2,0.0,16,0.13333333333333333,-0.008482468644491759
21133,300110593202500001,1,0.0,15,0.2,-0.008480506629634066
6423,100020202202400006,2,1.0,0,0.23333333333333334,-0.008466098413693168
13961,800060409202400001,3,3.0,13,4.166666666666667,-0.008465527218206148
31778,100210916202500008,4,3.0,20,2.1666666666666665,-0.008386769788992776
38246,100301104202300010,4,3.0,23,1.15,-0.008334519513323313
8274,100030270202500004,3,0.0,21,3.4,-0.008296533871483214
9345,100040356202300008,4,1.0,9,1.3333333333333333,-0.008287802331486627
23777,100140688202300005,2,2.0,21,2.75,-0.00828193978745484
24251,300140690202400001,4,1.0,6,3.1,-0.008266626924979481
38474,100301102202400011,2,3.0,0,0.8166666666666667,-0.00820374383191036
2008,100010144202300007,2,3.0,22,4.15,-0.008192803006323413
20412,100110617202300011,1,3.0,14,3.9,-0.008188420125850748
36385,100271056202400003,2,1.0,1,4.966666666666667,-0.008157438069757328
924,100010129202300004,1,2.0,2,4.95,-0.008142821438269054
12018,100050383202300008,4,3.0,23,1.6833333333333333,-0.008120908880149158
21101,800110599202500001,1,2.0,22,3.5833333333333335,-0.008088298045217601
39145,100311132202400006,3,0.0,4,3.55,-0.008087219649132171
2088,800010116202400001,1,0.0,7,4.333333333333333,-0.008063484163822077
618,100010056202300002,2,1.0,0,4.116666666666666,-0.008050426264311739
6276,100020201202300009,1,0.0,22,2.1666666666666665,-0.008009150533557219
23106,100130658202400009,4,2.0,22,2.7666666666666666,-0.00796486693383991
8981,800040300202300002,1,3.0,21,2.183333333333333,-0.007930451246764503
16605,100080488202300005,2,0.0,17,1.0333333333333334,-0.00792260121516275
18195,800090542202400002,1,3.0,13,4.366666666666666,-0.007911321252629167
18349,100090548202400007,1,2.0,20,3.8333333333333335,-0.007901570754423326
17284,800080492202500001,1,1.0,23,3.3833333333333333,-0.007897405485634001
209,100010102202300001,2,2.0,1,2.3333333333333335,-0.007890445237710875
5198,300010128202500001,2,2.0,23,0.36666666666666664,-0.0078059506263958855
6781,100030254202300001,2,2.0,22,3.533333333333333,-0.007787868780946838
15125,800070464202300001,1,0.0,5,4.433333333333334,-0.007783341559257306
12882,300050367202500001,2,2.0,21,3.35,-0.007762192062213846
1668,100010105202300007,2,2.0,8,3.4,-0.007741478432672477
18189,100090551202400008,2,2.0,18,2.8333333333333335,-0.007734608625789896
26493,300160761202500001,1,0.0,4,4.266666666666667,-0.007649666903186247
4420,100010190202500004,3,1.0,18,4.5,-0.007585202212681663
13566,800060444202300001,4,3.0,14,4.383333333333334,-0.007583675957088976
23747,800140708202300002,1,3.0,11,1.1666666666666667,-0.007576847107087281
13104,100050393202500012,1,2.0,11,4.683333333333334,-0.0075699213689763845
6656,100020214202500010,1,0.0,6,4.55,-0.007566381757844298
33715,100240982202300001,1,3.0,2,2.2333333333333334,-0.007562186297112694
39236,100311114202400005,2,3.0,16,2.45,-0.007452229647913922
31949,400220938202300001,1,1.0,23,3.533333333333333,-0.007406946037762374
22504,100130665202300005,1,2.0,17,1.9,-0.007385406054759902
2115,100010175202400003,1,0.0,19,4.5,-0.007381782498436906
18621,100090537202500006,1,0.0,5,1.55,-0.007358202792423829
4513,100010094202500003,3,1.0,20,0.7166666666666667,-0.007346179951898013
21954,100120648202400010,2,2.0,18,4.05,-0.007326842468226014
26306,100160774202400010,1,3.0,4,2.4166666666666665,-0.007274494298849521
15090,100070471202300002,1,2.0,14,1.4333333333333333,-0.0072232913834547885
14391,100060405202400008,1,1.0,23,0.9666666666666667,-0.007190244993595329
2661,100010102202400002,1,1.0,23,0.9666666666666667,-0.007190244993595329
5433,300010090202500001,2,2.0,12,3.6333333333333333,-0.007076929362288764
20512,100110621202400001,1,1.0,23,4.083333333333333,-0.00707198554605426
18956,300100569202300002,1,0.0,1,0.3,-0.007068124773101703
35677,100261026202400013,1,3.0,21,2.683333333333333,-0.00704900534773667
16697,100080501202300013,1,1.0,23,4.033333333333333,-0.006933466753181072
9651,100040293202300008,1,2.0,19,3.9,-0.006879922607408995
11568,100040326202500011,4,0.0,21,4.866666666666666,-0.006833445460945664
35328,100261014202300011,2,0.0,2,1.5833333333333333,-0.006810685381761217
32619,100220917202500008,1,3.0,19,1.55,-0.006759963655677326
5306,100010144202500006,1,1.0,11,4.916666666666667,-0.006756160846547732
29230,800190847202400002,1,1.0,0,1.45,-0.0067525397753877
2817,100010090202400004,1,1.0,0,1.45,-0.0067525397753877
24757,100150742202300005,1,1.0,23,1.25,-0.0067115033376696775
22500,400130676202300001,1,1.0,0,1.5166666666666666,-0.006687346360383373
28739,800180816202500004,1,2.0,5,1.35,-0.006664487066728286
33440,300230952202500001,4,3.0,0,3.966666666666667,-0.006659391647970581
15611,100070456202400004,2,1.0,21,0.6333333333333333,-0.0066199429380657815
30485,100200867202400012,3,1.0,8,4.2,-0.0066165951638301745
14432,100060413202500003,4,3.0,7,2.5833333333333335,-0.006537370808364917
21035,100110604202500005,1,1.0,23,1.1666666666666667,-0.006496634896148268
39308,100311112202500001,1,3.0,20,2.0,-0.006462011404295365
29641,100190836202500013,3,0.0,4,2.5833333333333335,-0.006448108110727602
18429,100090543202500002,4,1.0,22,1.8333333333333333,-0.006440456639387748
399,100010065202300003,2,0.0,5,0.26666666666666666,-0.006413836783999871
13893,100060413202400001,1,1.0,0,3.4833333333333334,-0.006403041879531002
39161,100311128202400004,1,1.0,0,2.1,-0.006366550436469942
32149,400220926202400001,3,1.0,9,2.1666666666666665,-0.006328321073670651
21323,800120635202300002,4,1.0,6,1.05,-0.006203412847984202
7862,100030263202400011,4,3.0,23,2.033333333333333,-0.006103918362191041
18822,100100555202300002,1,1.0,21,4.483333333333333,-0.006084783216753653
17176,100080521202400013,2,0.0,5,2.2,-0.006083129035474921
9320,100040286202300009,4,3.0,13,2.466666666666667,-0.0060137816180828585
22804,100130672202400001,1,0.0,10,4.4,-0.005997064359990922
32827,800230965202300002,1,1.0,15,4.866666666666666,-0.005956067906976115
31156,100210903202300003,4,3.0,23,3.2666666666666666,-0.005948339773749423
1221,100010153202300007,3,1.0,9,4.566666666666666,-0.00592844976787521
1863,300010034202300001,3,1.0,23,0.2,-0.0059262082611777345
23032,100130671202400007,1,3.0,4,2.2333333333333334,-0.005887812058483433
21068,100110611202500009,3,1.0,7,4.05,-0.005858984155978075
19347,100100568202400005,3,3.0,22,4.983333333333333,-0.005820243466464814
38542,100301107202500003,1,2.0,16,1.5166666666666666,-0.005795476072213757
24193,100140714202400006,3,2.0,22,3.15,-0.005751157601180057
17107,100080521202400011,2,3.0,15,2.1166666666666667,-0.0057377656442553215
13927,100060409202400004,2,0.0,19,0.16666666666666666,-0.0057240805437313025
2703,400010153202400001,1,2.0,9,4.933333333333334,-0.005717000582503906
22669,300130683202300001,2,0.0,0,3.9833333333333334,-0.005704974901916793
21587,100120638202300008,1,2.0,21,4.716666666666667,-0.005697625809770179
4424,800010125202500001,3,1.0,4,0.5833333333333334,-0.0056690790796444235
5355,100010194202500005,1,1.0,6,4.916666666666667,-0.005578019378023824
35258,100261025202300009,1,0.0,21,1.1,-0.005573430941292368
27245,100170796202400007,1,1.0,23,1.7333333333333334,-0.005570237052742177
3128,100010168202400009,3,2.0,22,3.216666666666667,-0.005536613983104233
28767,100180829202500008,4,3.0,19,2.35,-0.0055187080879525174
8417,800030244202500002,4,1.0,14,2.85,-0.005455543374200844
21487,100120648202300011,3,0.0,16,1.4833333333333334,-0.005402722631050905
23039,100130664202400005,1,2.0,13,0.65,-0.005372558917391745
2319,100010076202400002,2,2.0,2,2.9833333333333334,-0.0053434490531495404
22594,100130686202300006,2,0.0,22,0.43333333333333335,-0.005339517319685738
10158,100040279202400007,1,0.0,4,4.666666666666667,-0.005329326085403929
11141,100040342202500006,3,1.0,9,2.15,-0.005309198344835453
6799,100030245202300001,1,3.0,23,4.85,-0.005308721484351353
35170,100261016202300001,1,0.0,23,2.9166666666666665,-0.0052719296895689105
659,100010094202300004,2,0.0,22,2.65,-0.005268507781893361
17655,300090526202300001,2,0.0,22,2.65,-0.005268507781893361
2601,100010172202400006,4,3.0,7,1.7166666666666666,-0.005247665504525378
20747,100110614202400008,1,3.0,7,1.45,-0.005237630294813611
11683,300040306202500001,1,1.0,23,2.75,-0.00519827534909445
18319,100090525202400011,1,3.0,17,1.4666666666666666,-0.0051811347535808405
5285,100010084202500007,2,1.0,21,3.9,-0.005147190917736966
23083,100130678202400007,1,2.0,16,4.5,-0.00512924470638132
448,100010097202300005,3,1.0,2,4.816666666666666,-0.005077898152624272
17833,100090524202300003,4,3.0,1,4.6,-0.005071534887276186
6482,100020218202400005,4,1.0,10,1.1333333333333333,-0.005014327378853323
1234,100010098202300008,1,0.0,2,0.4666666666666667,-0.005009919828279363
10762,100040307202500002,2,1.0,10,0.3333333333333333,-0.0050038099305096395
12719,100050370202400013,1,1.0,0,1.8,-0.004970497675389485
14165,100060422202400009,4,3.0,19,1.9333333333333333,-0.004969778148324333
15013,100070480202300001,1,1.0,0,2.15,-0.004926734764309049
15810,100070450202400009,2,2.0,22,0.26666666666666666,-0.004919450315710838
537,100010118202300004,2,1.0,22,0.16666666666666666,-0.0049130984472580685
11626,100040287202500008,1,3.0,13,3.45,-0.0049012285160288105
22688,100130669202300009,4,1.0,21,1.8166666666666667,-0.004850372329264441
23784,100140715202300010,2,0.0,23,4.383333333333334,-0.004746169253384669
23014,100130656202400011,4,3.0,12,4.316666666666666,-0.004746136064527673
3243,100010089202400006,2,0.0,2,0.8666666666666667,-0.004743962305631566
31106,100210911202300008,4,3.0,21,1.7833333333333334,-0.004728434178672969
4620,100010146202500005,4,3.0,22,2.183333333333333,-0.004717368734894145
18174,100090547202400004,1,1.0,5,0.13333333333333333,-0.004716856840436212
5179,100010053202500004,1,1.0,0,3.433333333333333,-0.0046869615803936115
38240,100301100202300004,1,2.0,16,3.9166666666666665,-0.00467068580537755
35715,100261022202400006,1,1.0,3,0.5166666666666667,-0.004655326747745936
32588,100220920202500008,2,0.0,19,4.916666666666667,-0.0046490319255443335
31768,100210895202500008,1,2.0,3,3.283333333333333,-0.004620576466424109
25163,800150725202400002,4,3.0,7,0.7666666666666667,-0.004551240435339721
29725,100200872202300002,3,1.0,2,0.7666666666666667,-0.00451719923083016
2260,100010140202400002,2,0.0,23,4.5,-0.004505779398511267
22301,100120639202500009,1,2.0,18,4.35,-0.004481965748821315
26668,100160748202500011,2,2.0,21,1.7166666666666666,-0.004471395892452157
21465,100120638202300007,1,2.0,4,2.066666666666667,-0.004462309902491968
29088,100190845202400001,2,0.0,13,0.2,-0.004434593703796952
17517,100080497202500010,2,2.0,22,2.3333333333333335,-0.0044330252911359835
23576,100140709202300001,2,0.0,10,4.95,-0.004390378086903235
36182,300271040202300001,3,0.0,10,3.0833333333333335,-0.004376252075025566
25967,100160756202300013,1,0.0,12,4.633333333333334,-0.004374022960835666
3885,100010147202400007,2,1.0,5,0.23333333333333334,-0.004354737115970675
2206,300010134202400002,4,3.0,5,0.2833333333333333,-0.004333257990969286
12755,100050376202500002,3,1.0,11,2.4,-0.0043147746432222744
11086,800040344202500001,3,0.0,20,2.65,-0.004309393989129329
459,100010069202300003,1,0.0,20,4.4,-0.004300897958994909
2808,100010106202400004,4,3.0,2,3.55,-0.004288399934413545
3741,100010078202400011,1,2.0,19,1.0666666666666667,-0.004282490794714988
19875,100100585202500005,1,1.0,0,4.133333333333334,-0.004228633804008841
37961,800291068202500001,3,2.0,16,4.583333333333333,-0.00421520758864713
11182,800040300202500001,4,0.0,10,4.883333333333334,-0.004213653773166182
30566,100200879202500002,4,3.0,23,1.5333333333333334,-0.004191931064304821
37941,100291089202500005,2,0.0,14,0.26666666666666666,-0.004147508493745455
12847,100050400202500003,1,2.0,0,4.25,-0.004123546156612368
30232,100200871202400005,4,2.0,22,4.95,-0.004108185518303165
20479,100110597202400001,3,1.0,3,2.3,-0.004067875570581303
23244,100130655202500004,1,2.0,8,2.8333333333333335,-0.004044199988787023
29517,100190853202500007,1,2.0,6,3.8666666666666667,-0.003990931719442092
36772,800271041202500001,4,0.0,12,4.683333333333334,-0.003941447377343588
19023,100100589202300007,2,0.0,20,3.316666666666667,-0.003911266146971681
3716,100010114202400011,3,1.0,7,1.9166666666666667,-0.0039037631732188327
28332,100180822202400007,2,2.0,12,4.766666666666667,-0.0038643043002281052
9019,300040288202300002,1,1.0,20,4.533333333333333,-0.0038335521698535935
23869,100140709202300009,4,3.0,3,1.7166666666666666,-0.0038269301131014233
34865,100250996202400011,2,1.0,19,4.533333333333333,-0.0038057166760857575
5661,100010058202500009,2,1.0,11,4.716666666666667,-0.0037870719415521448
1387,300010197202300002,1,3.0,9,1.5833333333333333,-0.0037505226385752266
30006,100200871202300006,1,2.0,0,4.283333333333333,-0.0037273616381044983
7514,100030262202400007,2,2.0,10,2.2666666666666666,-0.00367556241604583
19968,100100568202500008,2,1.0,14,0.2,-0.0036703899145417163
3806,100010060202400009,1,1.0,7,0.18333333333333332,-0.003656268159701548
7390,800030266202400001,2,1.0,7,0.31666666666666665,-0.003615667379167631
21809,100120633202400003,2,0.0,17,4.7,-0.003580564289114574
14898,400060430202500001,1,2.0,1,0.13333333333333333,-0.003543479615943701
17555,100080496202500005,2,0.0,9,4.016666666666667,-0.0035127821207561194
23263,100130682202500002,3,0.0,10,3.05,-0.003480994365088086
22219,100120641202500004,1,3.0,19,1.7333333333333334,-0.003458366610730401
885,100010101202300003,2,1.0,21,3.533333333333333,-0.003433640376386826
19771,400100572202500001,2,1.0,22,0.25,-0.003409739161654657
3141,100010167202400010,2,0.0,15,4.216666666666667,-0.003400108527009893
6731,100020203202500012,4,1.0,11,1.3333333333333333,-0.0033988144976604406
9410,100040308202300008,4,3.0,17,0.8333333333333334,-0.0033756580413403237
19943,100100586202500009,3,3.0,23,0.6666666666666666,-0.003371044467892048
13563,100060422202300006,1,0.0,23,0.23333333333333334,-0.003353016893247629
12343,100050394202400008,4,1.0,13,1.0833333333333333,-0.003250546263988019
10903,100040292202500004,2,1.0,14,0.21666666666666667,-0.003242782587546622
33454,800230946202500001,4,3.0,4,4.65,-0.003233787515097286
33488,100230945202500005,1,1.0,23,0.26666666666666666,-0.003189849139231149
36214,800271040202300003,3,2.0,20,3.433333333333333,-0.00317558818368302
35829,100261023202500004,2,0.0,3,0.9666666666666667,-0.00311272509677063
29305,800190851202400001,1,2.0,9,4.283333333333333,-0.0030823375733267655
37678,400291073202400001,1,1.0,1,4.95,-0.003067010647995083
26949,100170787202300006,1,1.0,1,4.95,-0.003067010647995083
26623,100160767202500005,2,2.0,4,1.4833333333333334,-0.00306399916780975
21431,100120652202300006,3,2.0,3,3.65,-0.0029945460826016346
28252,100180815202400007,1,3.0,7,2.9166666666666665,-0.002977732834113289
3769,100010073202400007,4,0.0,8,1.85,-0.002965525155944504
20748,300110600202400001,1,1.0,1,0.9666666666666667,-0.0029531524696627676
22590,300130675202300002,1,1.0,16,4.766666666666667,-0.002948507012018431
33538,100230956202500003,4,3.0,4,0.6333333333333333,-0.002947476944454075
289,100010052202300001,4,1.0,18,3.283333333333333,-0.002928538160236527
11223,100040315202500007,1,2.0,3,2.783333333333333,-0.0028820474337659663
11666,100040344202500009,3,0.0,18,1.4666666666666666,-0.002873531389736672
14741,100060404202500006,3,3.0,0,1.9,-0.0027469005686806547
1864,100010085202300008,3,1.0,16,0.5,-0.002712652286736228
5309,100010091202500004,3,1.0,21,0.15,-0.002706242990904495
36834,100271055202500009,3,0.0,7,3.45,-0.002645336517960284
13490,100060425202300004,3,2.0,1,1.7,-0.0026440424474225566
4973,100010149202500006,3,3.0,9,3.15,-0.0026349284459403766
1466,100010118202300012,3,1.0,3,4.05,-0.0025525291621885104
19299,400100580202400001,1,2.0,18,3.7666666666666666,-0.0025004258067988783
7750,100030262202400011,1,2.0,6,1.4,-0.0024877683603118372
1463,100010149202300008,4,3.0,21,2.216666666666667,-0.002395667474138774
9315,100040300202300007,2,2.0,5,4.216666666666667,-0.002375165398255774
6054,100010101202500012,4,2.0,21,3.95,-0.0023318873426849684
10586,100040279202400013,4,1.0,19,2.8,-0.0023163433618501594
14851,100060448202500012,4,3.0,13,3.8666666666666667,-0.002279172692067455
15580,100070458202400003,4,3.0,12,2.9833333333333334,-0.002223223572286437
25575,100150737202500007,2,0.0,21,4.716666666666667,-0.0021910602264147983
6647,100020209202500006,1,1.0,7,4.7,-0.0021805694998234815
22273,100120633202500008,1,1.0,22,3.9,-0.0021340923025815473
11816,300050359202300001,4,0.0,20,4.783333333333333,-0.0020695443883631537
25996,100160755202400001,4,1.0,23,4.916666666666667,-0.002068061792511955
8508,100030248202500010,4,0.0,20,4.833333333333333,-0.002063660856386873
5181,100010041202500006,3,0.0,11,1.7333333333333334,-0.00200813930648458
5930,100010150202500010,1,2.0,7,2.3666666666666667,-0.0019961097582218423
7842,100030265202400009,1,2.0,7,2.5166666666666666,-0.0019961097582218423
19282,400100590202400001,4,2.0,3,3.316666666666667,-0.001961245061510186
7866,100030256202400009,1,1.0,0,4.733333333333333,-0.0019601952617432916
12757,100050366202500001,2,0.0,8,1.2166666666666666,-0.0019399334948877467
25137,100150729202400014,3,1.0,18,4.866666666666666,-0.001914148254903214
25278,100150727202500001,1,3.0,19,2.683333333333333,-0.0019080674240857798
24158,100140695202400010,4,1.0,15,3.5,-0.0019029797154768158
30461,100200872202400008,4,0.0,6,2.4833333333333334,-0.0018990779615440934
24216,100140697202400005,1,2.0,5,1.0833333333333333,-0.0018363803074119556
1674,100010105202300008,4,1.0,5,1.85,-0.0017728110397776664
23236,100130670202500002,2,2.0,13,2.6666666666666665,-0.0017664827122962912
13269,100060426202300001,1,3.0,9,2.8833333333333333,-0.001765461246864719
3418,100010146202400006,2,0.0,1,4.216666666666667,-0.0017459615967596598
36903,100281065202300007,1,1.0,0,4.433333333333334,-0.001710549704527775
6941,100030250202300010,2,1.0,22,2.3333333333333335,-0.001710331332264503
29217,300190846202400001,3,1.0,3,0.16666666666666666,-0.0017086350176387377
25198,100150722202400010,2,1.0,2,0.65,-0.0017051244233060592
19400,100100563202400004,4,2.0,19,4.366666666666666,-0.0016687912455835008
34615,100250996202300007,4,3.0,2,0.8,-0.0016299193851633254
39522,100311120202500009,3,1.0,3,3.9166666666666665,-0.0016115771918188138
38222,100301105202300007,1,0.0,1,2.783333333333333,-0.0015823534875221146
5503,100010043202500008,2,1.0,18,5.0,-0.0015491321068951125
25506,100150740202500004,1,3.0,10,1.4333333333333333,-0.0015001955738938033
34560,100251008202300011,2,0.0,20,4.733333333333333,-0.0014890964065288337
13744,100060405202300013,3,2.0,22,2.466666666666667,-0.001465581599627952
30392,400200888202400001,3,1.0,0,4.316666666666666,-0.0014125891432442694
33855,100240984202300011,1,0.0,3,0.38333333333333336,-0.0013804865958958468
38100,100301101202300003,1,2.0,4,1.8833333333333333,-0.0013797792718082125
8147,100030228202500004,4,3.0,5,0.38333333333333336,-0.0013750620364715305
26370,100160753202500001,1,2.0,11,4.516666666666667,-0.001370939418090411
3432,100010198202400006,1,2.0,1,0.13333333333333333,-0.0013329550271515833
8289,100030231202500005,1,3.0,9,1.4166666666666667,-0.001324891921499649
34733,100251005202400002,1,1.0,3,0.7166666666666667,-0.0013181228833820668
32939,100230943202300008,3,1.0,0,0.5666666666666667,-0.0011771290903900278
29403,100190856202500001,4,1.0,2,4.85,-0.0011727926609667039
16976,100080502202400006,1,1.0,17,4.716666666666667,-0.0011614050321777647
19385,100100585202400006,4,3.0,10,3.433333333333333,-0.001083223547098222
37031,800281067202400001,1,2.0,3,4.75,-0.0010511146102197833
13725,100060424202300013,1,2.0,2,2.5,-0.0010294918229144523
30976,400210898202300001,3,1.0,20,1.2,-0.0009790024312978929
8461,100030228202500007,4,3.0,15,0.4666666666666667,-0.0009494764865179972
18876,100100581202300005,4,3.0,22,1.7333333333333334,-0.0009065111314199292
8909,100040317202300007,2,1.0,22,4.466666666666667,-0.0008959877445053888
9606,100040300202300012,3,0.0,9,1.8333333333333333,-0.0008307082294970458
34706,100251004202400001,3,1.0,4,1.2333333333333334,-0.0007912330017141311
11847,100050392202300002,3,0.0,16,3.2,-0.0007480082830132462
26573,100160748202500008,4,0.0,23,2.8666666666666667,-0.0007277923296599154
12608,100050376202400007,2,2.0,11,2.2333333333333334,-0.0007127662094249532
4771,100010090202500005,1,2.0,12,4.433333333333334,-0.0007001367298278272
38810,100311132202300005,1,2.0,14,2.4166666666666665,-0.00069303929413711
20004,300100590202500002,2,2.0,11,3.0,-0.0006725254909706324
2891,100010192202400008,1,2.0,7,3.35,-0.0006303141970633863
27280,100170788202400008,4,1.0,6,2.566666666666667,-0.0006164809301503205
31150,100210905202300006,4,3.0,1,4.016666666666667,-0.0005924274083396464
5204,100010177202500004,1,3.0,8,2.15,-0.0005275488000110462
1243,100010124202300008,3,1.0,20,2.05,-0.0005252822923603739
25781,300160753202300002,3,0.0,18,1.8166666666666667,-0.0005036595610253825
21839,100120633202400005,1,0.0,18,0.7666666666666667,-0.0004857012631642732
15307,400070455202300001,1,2.0,13,2.533333333333333,-0.0004436046917521974
28613,300180823202500001,1,1.0,3,4.55,-0.0004179270937495483
4803,100010179202500005,1,1.0,3,4.583333333333333,-0.0004179270937495483
38666,100301105202500010,1,2.0,2,1.9666666666666666,-0.0003623711584105349
17705,100090539202300004,2,0.0,23,4.883333333333334,-0.0003586079836283007
15633,800070487202400001,3,1.0,2,3.1,-0.0003554577723996477
7727,100030235202400010,2,1.0,20,3.85,-0.00034204807383397817
31860,100220932202300002,2,0.0,0,1.9833333333333334,-0.00028112589170814495
20301,100110610202300009,2,1.0,22,0.5,-0.00026711417751268396
6034,100010075202500009,1,1.0,18,4.566666666666666,-0.00024701125293991044
4057,100010136202400013,1,1.0,22,1.2333333333333334,-0.000235653704615868
20037,100100587202500009,3,0.0,11,2.0166666666666666,-0.00018555916927309735
32390,800220934202500001,1,1.0,7,0.3,-0.0001093916140223472
19259,100100563202400002,4,3.0,3,4.466666666666667,-9.780181605578697e-05
14881,100060416202500005,3,2.0,6,1.05,-8.329726643940827e-05
34009,300240975202400001,4,1.0,19,1.4666666666666666,-4.3154952043100714e-05
629,100010186202300004,4,0.0,3,0.5166666666666667,-2.306997795131771e-06
